{
  "overall_loss_ratio": 0.1326481781604671,
  "total_premium": 29308285.454885636,
  "total_claims": 2217045.3111593197,
  "data_quality_score": 99.54644636918884,
  "outlier_percentage": 56.51983344291036,
  "analysis_timestamp": "2025-12-06 14:31:04.389726"
}