Risk Segment,Risk Multiplier,Base Premium (R),Expected Claims (R),Expected Margin (R)
Low Risk,0.7,4693.749525863692,43.731131113753634,4650.018394749938
Medium Risk,1.0,6705.35646551956,62.47304444821948,6642.88342107134
High Risk,1.5,10058.03469827934,93.70956667232923,9964.325131607011
