Risk Segment,Recommended Premium,Current Avg Premium
Low Risk,568.5047044787973,4693.749525863692
Medium Risk,812.1495778268534,6705.35646551956
High Risk,1218.2243667402802,10058.03469827934
