,RMSE,R²,MAE
Linear Regression,2633.3105397471436,-0.03903945932388231,1684.267246967156
Random Forest,2877.9673160008724,-0.2410794975375894,1958.2989079165277
Gradient Boosting,2764.3803100761015,-0.14504740819856132,1725.409947364745
XGBoost,3097.058641622951,-0.4372315539868392,2074.5430368564485
